model,image_id,ground_truth,predictions
openai,HEK_Run102505_z187,"['lysosome', 'membrane', 'ribosome', 'microtubule']",['- Mitochondria\n- Vesicles\n- Cytoskeleton filaments\n- Ribosomes\n- Endoplasmic reticulum (ER) structures']
openai,HEK_Run102505_z197,"['lysosome', 'mitochondrion', 'membrane', 'ribosome', 'microtubule']",['- Mitochondria\n- Vesicles\n- Microtubules\n- Cytoplasm']
openai,HEK_Run102505_z207,"['lysosome', 'mitochondrion', 'membrane', 'ribosome', 'microtubule']","['- Ribosomes\n- Endoplasmic reticulum\n- Mitochondria\n- Vesicles\n- Cytoskeleton elements (e.g., microtubules, actin filaments)']"
gemini,HEK_Run102505_z187,"['lysosome', 'membrane', 'ribosome', 'microtubule']","['Based on the provided electron microscopy image, here are the visible subcellular structures:\n\n*   **Vesicles:** The prominent circular structures of varying sizes.\n*   **Cytoskeletal filaments:** The long, thin fibers, particularly visible on the left side of the image.\n*   **Ribosomes:** The small, dense, granular particles that fill the background cytoplasm.']"
gemini,HEK_Run102505_z197,"['lysosome', 'mitochondrion', 'membrane', 'ribosome', 'microtubule']","['Based on the provided electron microscopy image, here are the visible subcellular structures:\n\n*   **Vesicles:** Several circular, membrane-bound sacs of various sizes are present.\n*   **Multivesicular body:** One vesicle (top center-left) contains a smaller internal vesicle.\n*   **Cytoskeletal filaments:** Long, thin, linear structures, likely actin filaments or microtubules, are visible, especially in the upper left quadrant.\n*   **Ribosomes:** The dense, granular texture filling the background cytoplasm represents a high concentration of ribosomes.\n*   **Membrane tubules:** Irregular, elongated membrane profiles are visible, particularly in the central-left area.']"
gemini,HEK_Run102505_z207,"['lysosome', 'mitochondrion', 'membrane', 'ribosome', 'microtubule']","['Based on the provided electron microscopy image, here are the visible subcellular structures:\n\n*   **Vesicles:** Several membrane-bound sacs of varying sizes are visible.\n*   **Multivesicular body (MVB):** One of the vesicles (top center-left) contains smaller vesicles within it, which is characteristic of an MVB.\n*   **Cytoskeletal filaments:** Long, thin filaments, likely actin filaments, are visible, particularly in the upper left portion of the image.\n*   **Ribosomes:** The dense, granular texture of the background cytoplasm is composed of numerous ribosomes.']"
claude,HEK_Run102505_z187,"['lysosome', 'membrane', 'ribosome', 'microtubule']","['Looking at this electron microscopy image, I can identify the following subcellular structures:\n\n• **Cell nucleus** - the large, round structure in the center\n• **Nuclear envelope/membrane** - the double membrane surrounding the nucleus\n• **Nucleolus** - the darker, dense region within the nucleus\n• **Cytoplasm** - the cellular material surrounding the nucleus\n• **Mitochondria** - the oval/elongated organelles with internal cristae structures visible in the cytoplasm\n• **Endoplasmic reticulum** - membranous structures visible as parallel lines/sheets in the cytoplasm\n• **Cell membrane/plasma membrane** - the outer boundary of the cell\n\nThe image appears to show a typical eukaryotic cell with its major organelles clearly visible in this transmission electron microscopy cross-section.']"
claude,HEK_Run102505_z197,"['lysosome', 'mitochondrion', 'membrane', 'ribosome', 'microtubule']","['Looking at this electron microscopy image, I can identify the following subcellular structures:\n\n• **Cell membrane/plasma membrane** - visible as the outer boundary of the cells\n• **Nucleus** - the large, round, membrane-bound organelle in the center\n• **Nuclear envelope** - the double membrane surrounding the nucleus\n• **Cytoplasm** - the cellular material surrounding the nucleus\n• **Mitochondria** - oval-shaped organelles with internal cristae structures\n• **Endoplasmic reticulum** - network of membrane-bound channels/tubules\n• **Ribosomes** - small dense particles scattered throughout the cytoplasm\n• **Vesicles** - small membrane-bound compartments of various sizes']"
claude,HEK_Run102505_z207,"['lysosome', 'mitochondrion', 'membrane', 'ribosome', 'microtubule']","['Looking at this electron microscopy image, I can identify the following subcellular structures:\n\n• **Cell membrane/plasma membrane** - the outer boundary of the cell\n• **Cytoplasm** - the general cellular matrix filling the space\n• **Circular membrane-bound organelles** - likely including:\n  - Vesicles\n  - Possibly mitochondria (the larger circular structures)\n  - Possibly other membrane-bound compartments or vacuoles\n\nNote: The grayscale nature and resolution of this EM image makes it challenging to definitively distinguish between specific organelle types, but the prominent circular structures appear to be membrane-bound organelles of varying sizes within the cytoplasmic space.']"
